{"myProfile":[{"label":"Tab Edit Profile","sectionType":"tabEditProfile","formType":"tabEditProfile","hasSettings":false,"showHide":true,"hidden":false},{"label":"Tab Documents","sectionType":"tabDocuments","formType":"tabDocuments","hasSettings":true,"showHide":true,"hidden":false},{"label":"Tab Cashback","sectionType":"tabCashback","formType":"tabCashback","hasSettings":false,"showHide":true,"hidden":false},{"label":"Tab VerifyAccount","sectionType":"tabVerifyAccount","formType":"tabVerifyAccount","hasSettings":false,"showHide":true,"hidden":true},{"label":"Tab Self-Exclusion","sectionType":"tabSelfExclusion","formType":"tabSelfExclusion","days-7":1,"hasSettings":true,"showHide":true,"hidden":true},{"label":"Tab TimeOut","sectionType":"tabTimeOut","formType":"tabTimeOut","hasSettings":true,"showHide":true,"hidden":true},{"label":"Session Time","sectionType":"sessionTime","formType":"sessionTime","hasSettings":true,"showHide":true,"hidden":true},{"label":"Tab ChangePassword","sectionType":"tabChangePassword","formType":"tabChangePassword","hasSettings":false,"showHide":false,"hidden":false},{"label":"Tab Accumulated Losses","sectionType":"tabAccumulatedLosses","formType":"tabAccumulatedLosses","hasSettings":false,"showHide":true,"hidden":true},{"label":"Tab Login Limit","sectionType":"loginLimit","formType":"loginLimit","hasSettings":true,"showHide":true,"hidden":true},{"label":"Tab Limits","sectionType":"tabBetLimit","formType":"tabBetLimit","hasSettings":true,"showHide":true,"hidden":true},{"label":"GDPR","sectionType":"tabNotifications","formType":"tabNotifications","hasSettings":true,"showHide":true,"hidden":true},{"label":"Close Account","sectionType":"closeAccount","formType":"closeAccount","hasSettings":false,"showHide":true,"hidden":true},{"label":"Tab Gamstop","sectionType":"tabGamstop","formType":"tabGamstop","hasSettings":false,"showHide":true,"hidden":true},{"label":"Tab Login History","sectionType":"tabLoginHistory","formType":"tabLoginHistory","hasSettings":false,"showHide":true,"hidden":false},{"label":"Two Factor Authentication","sectionType":"twoFactorAuthentication","formType":"twoFactorAuthentication","hasSettings":false,"showHide":true,"hidden":true},{"label":"Account Status","sectionType":"accountStatus","formType":"accountStatus","hasSettings":false,"showHide":true,"hidden":true},{"label":"Safer Gambling","sectionType":"saferGambling","formType":"saferGambling","hasSettings":false,"showHide":true,"hidden":true},{"label":"Loyalty Points","sectionType":"loyalty-points","formType":"loyalty-points","hasSettings":false,"showHide":false,"hidden":false},{"label":"Current Session Info","sectionType":"current-session-info","formType":"current-session-info","hasSettings":false,"showHide":true,"hidden":false},{"label":"Availability Period","sectionType":"availability-period","formType":"availability-period","hasSettings":false,"showHide":true,"hidden":true}],"sections":[{"label":"My Wallet","sectionType":"myWallet","formType":"myWallet","hasSettings":true,"showHide":false,"hidden":false,"type":"section"},{"label":"My Profile","sectionType":"myProfile","formType":"myProfile","hasSettings":true,"showHide":false,"hidden":false,"type":"section"},{"label":"My Bets","sectionType":"myBets","formType":"myBets","hidden":false,"hasSettings":true,"showHide":false,"type":"section"},{"label":"Bonuses","sectionType":"bonuses","formType":"bonuses","hidden":false,"hasSettings":true,"showHide":false,"type":"section"},{"label":"Account Information","sectionType":"myAccountInfo","formType":"myAccountInfo","hasSettings":false,"showHide":true,"hidden":false,"type":"section"},{"label":"Messages","sectionType":"messages","formType":"messages","hidden":false,"hasSettings":true,"showHide":false,"type":"section"},{"label":"Customer Journey","sectionType":"customerJourney","formType":"customerJourney","hasSettings":false,"showHide":true,"hidden":true,"type":"section"},{"label":"Bonus Iframe","sectionType":"accountBonusIframe","formType":"accountBonusIframe","hasSettings":true,"showHide":true,"hidden":true,"type":"section"},{"label":"Rewards","sectionType":"rewards","formType":"rewards","hasSettings":false,"showHide":true,"hidden":false,"type":"section"}],"accountDropdownSectionsDesktop":[{"label":"My Profile","sectionType":"myProfile","formType":"myProfile","hasSettings":false,"showHide":true,"hidden":false,"type":"section"},{"label":"Deposit","sectionType":"Deposit","formType":"Deposit","hasSettings":false,"showHide":true,"hidden":false,"type":"section"},{"label":"Withdraw","sectionType":"Withdraw","formType":"Withdraw","hasSettings":false,"showHide":true,"hidden":false,"type":"section"},{"label":"Bonuses","sectionType":"Bonuses","formType":"Bonuses","hasSettings":false,"showHide":true,"hidden":false,"type":"section"},{"label":"Messages","sectionType":"Messages","formType":"Messages","hasSettings":false,"showHide":true,"hidden":false,"type":"section"},{"label":"My Bets","sectionType":"myBets","formType":"myBets","hasSettings":false,"showHide":true,"hidden":false,"type":"section"},{"label":"Balance History","sectionType":"balanceHistory","formType":"balanceHistory","hasSettings":false,"showHide":true,"hidden":false,"type":"section"},{"label":"Rewards","sectionType":"rewards","formType":"rewards","hasSettings":false,"showHide":true,"hidden":true,"type":"section"}],"accountDropdownSectionsMobile":[{"label":"My Profile","sectionType":"myProfile","formType":"myProfile","hasSettings":false,"showHide":true,"hidden":false,"type":"section"},{"label":"Deposit","sectionType":"Deposit","formType":"Deposit","hasSettings":false,"showHide":true,"hidden":false,"type":"section"},{"label":"Withdraw","sectionType":"Withdraw","formType":"Withdraw","hasSettings":false,"showHide":true,"hidden":false,"type":"section"},{"label":"Bonuses","sectionType":"Bonuses","formType":"Bonuses","hasSettings":false,"showHide":true,"hidden":false,"type":"section"},{"label":"Messages","sectionType":"Messages","formType":"Messages","hasSettings":false,"showHide":true,"hidden":false,"type":"section"},{"label":"My Bets","sectionType":"myBets","formType":"myBets","hasSettings":false,"showHide":true,"hidden":false,"type":"section"},{"label":"Balance History","sectionType":"balanceHistory","formType":"balanceHistory","hasSettings":false,"showHide":true,"hidden":false,"type":"section"},{"label":"Rewards","sectionType":"rewards","formType":"rewards","hasSettings":false,"showHide":true,"hidden":true,"type":"section"}]}