{"0":{"id":0,"category":"sport","type":"betslip","title":"Betslip","icon":"generic.colored.betslip","onlyBottomNav":true,"showOnAtoZ":false,"order":3,"orderBottomNav":3,"badge":true,"showBottomNav":true},"1":{"id":1,"category":"casino","type":"favorite","title":{"ar":"\u0627\u0644\u0635\u0641\u062d\u0629 \u0627\u0644\u0631\u0626\u064a\u0633\u064a\u0629","en-us":"Home","fallback":"Home"},"icon":"casino.colored.favorite","onlyBottomNav":true,"showOnAtoZ":false,"order":4,"orderBottomNav":4,"badge":true,"showBottomNav":true,"path":{"ar":"\u0627\u0644\u0635\u0641\u062d\u0629-\u0627\u0644\u0631\u0626\u064a\u0633\u064a\u0629","en-us":"home","fallback":"home"},"iconUrl":"","target":0},"20":{"id":20,"title":{"en-us":"Live","fallback":"Live"},"iconUrl":null,"showOnAtoZ":false,"showBottomNav":false,"order":0,"orderBottomNav":1,"path":{"en-us":"live","fallback":"live"},"category":"sport","type":"live"},"25":{"id":25,"title":{"en-us":"Esports","fallback":"Esports"},"iconUrl":null,"showOnAtoZ":false,"showBottomNav":false,"order":0,"orderBottomNav":2,"path":{"en-us":"esports","fallback":"esports"},"category":"esport","type":"prematch"},"21":{"id":21,"title":{"en-us":"Casino","fallback":"Casino"},"iconUrl":null,"showOnAtoZ":false,"showBottomNav":false,"order":0,"orderBottomNav":5,"path":{"en-us":"casino","fallback":"casino"},"category":"casino","type":"casino"},"33":{"id":33,"title":{"en-us":"Live Casino","fallback":"Live Casino"},"iconUrl":null,"showOnAtoZ":false,"showBottomNav":false,"order":0,"orderBottomNav":6,"path":{"en-us":"live-casino","fallback":"live-casino"}},"19":{"id":19,"title":{"en-us":"Prematch","fallback":"Prematch"},"iconUrl":null,"showOnAtoZ":false,"onlyBottomNav":false,"order":0,"orderBottomNav":1,"path":{"en-us":"prematch","fallback":"prematch"},"category":"sport","type":"prematch","showBottomNav":false},"31":{"id":31,"title":{"en-us":"Tournaments","fallback":"Tournaments"},"iconUrl":null,"showOnAtoZ":false,"onlyBottomNav":false,"order":0,"orderBottomNav":8,"path":{"en-us":"tournaments","fallback":"tournaments"},"showBottomNav":false},"34":{"id":34,"title":{"en-us":"Virtual Sports","fallback":"Virtual Sports"},"iconUrl":null,"showOnAtoZ":false,"onlyBottomNav":false,"order":0,"orderBottomNav":9,"path":{"en-us":"virtual-sports","fallback":"virtual-sports"},"showBottomNav":false},"40":{"id":40,"title":{"en-us":"Skill Games","fallback":"Skill Games"},"iconUrl":null,"showOnAtoZ":false,"onlyBottomNav":false,"order":0,"orderBottomNav":10,"path":{"en-us":"skill-games","fallback":"skill-games"},"showBottomNav":false},"49":{"id":49,"title":{"ar":"\u0645\u0628\u0627\u0631\u064a\u0627\u062a \u0644\u0645 \u062a\u0628\u062f\u0623 ","en-us":"Prematch","fallback":"Prematch"},"iconUrl":"1583x20-16964504829467.png","showOnAtoZ":true,"showBottomNav":true,"order":1,"orderBottomNav":2,"path":{"ar":"prematch","en-us":"prematch","fallback":"prematch"},"category":"sport","type":"prematch","inSportMenu":true,"menuSportsOrdering":1,"inCasinoMenu":false,"menuCasinoOrdering":1,"target":0},"50":{"id":50,"title":{"ar":"\u0645\u0628\u0627\u0631\u064a\u0627\u062a \u0645\u0628\u0627\u0634\u0631\u0629 ","en-us":"In-Play","fallback":"In-Play"},"iconUrl":"inplay3-16964575942103.png","showOnAtoZ":true,"showBottomNav":true,"order":2,"orderBottomNav":1,"path":{"ar":"live-events","en-us":"in-play","fallback":"in-play"},"category":"sport","type":"live","inSportMenu":true,"menuSportsOrdering":2,"inCasinoMenu":false,"menuCasinoOrdering":2,"target":0},"51":{"id":51,"title":{"ar":"\u0643\u0627\u0632\u064a\u0646\u0648","en-us":"Casino","fallback":"Casino"},"iconUrl":"casino-icon-16985830487176.svg","showOnAtoZ":true,"showBottomNav":true,"order":6,"orderBottomNav":8,"path":{"ar":"casino","en-us":"casino","fallback":"casino"},"category":"casino","type":"casino","inSportMenu":false,"menuSportsOrdering":4,"inCasinoMenu":true,"menuCasinoOrdering":7,"target":0},"55":{"id":55,"title":{"en-us":"Promotions","fallback":"Promotions"},"iconUrl":null,"showOnAtoZ":false,"showBottomNav":false,"order":0,"orderBottomNav":6,"path":{"en-us":"promotions","fallback":"promotions"}},"52":{"id":52,"title":{"ar":"\u0643\u0627\u0632\u064a\u0646\u0648 \u0645\u0628\u0627\u0634\u0631","en-us":"Live Casino","fallback":"Live Casino"},"iconUrl":"1583x20-2-16937895883233.png","showOnAtoZ":true,"onlyBottomNav":false,"order":5,"orderBottomNav":9,"path":{"ar":"live-casino","en-us":"live-casino","fallback":"live-casino"},"showBottomNav":false,"inSportMenu":false,"menuSportsOrdering":10,"inCasinoMenu":true,"menuCasinoOrdering":6,"category":"casino","type":"live-casino","target":0},"56":{"id":56,"title":{"ar":"\u0627\u0644\u0631\u064a\u0627\u0636\u0627\u062a \u0627\u0644\u0625\u0644\u0643\u062a\u0631\u0648\u0646\u064a\u0629","en-us":"Esports","fallback":"Esports"},"iconUrl":"e-football-16898649612184.svg","showOnAtoZ":true,"onlyBottomNav":false,"order":13,"orderBottomNav":7,"path":{"ar":"esports","en-us":"esports","fallback":"esports"},"category":"esport","type":"prematch","showBottomNav":false,"inSportMenu":true,"menuSportsOrdering":3,"inCasinoMenu":false,"menuCasinoOrdering":5,"target":0},"53":{"id":53,"title":{"ar":"\u0631\u064a\u0627\u0636\u0627\u062a \u0625\u0641\u062a\u0631\u0627\u0636\u064a\u0629","en-us":"Virtual Sports","fallback":"Virtual Sports"},"iconUrl":"virtual-betting-16938334482034.png","showOnAtoZ":true,"onlyBottomNav":false,"order":14,"orderBottomNav":10,"path":{"ar":"virtual-sports","en-us":"virtual-sports","fallback":"virtual-sports"},"showBottomNav":false,"inSportMenu":true,"menuSportsOrdering":5,"inCasinoMenu":false,"menuCasinoOrdering":8,"target":0},"54":{"id":54,"title":{"ar":"\u0623\u0644\u0639\u0627\u0628 \u0627\u0644\u062a\u0644\u0641\u0627\u0632","en-us":"TV Games","fallback":"TV Games"},"iconUrl":"tv-games-16938283645955.png","showOnAtoZ":true,"onlyBottomNav":false,"order":8,"orderBottomNav":11,"path":{"ar":"tv-bet","en-us":"tv-games","fallback":"tv-games"},"showBottomNav":false,"inSportMenu":false,"menuSportsOrdering":11,"inCasinoMenu":true,"menuCasinoOrdering":10,"target":0},"59":{"id":59,"title":{"en-us":"Promotions 2","fallback":"Promotions 2"},"iconUrl":null,"showOnAtoZ":false,"showBottomNav":false,"order":0,"orderBottomNav":7,"path":{"en-us":"promotions-2","fallback":"promotions-2"}},"65":{"id":65,"title":{"ar":"\u0627\u0644\u0628\u0637\u0648\u0644\u0627\u062a","en-us":"RGA and GT&C","fallback":"RGA and GT&C"},"iconUrl":"instant-win-16938283779067.png","showOnAtoZ":true,"onlyBottomNav":false,"order":17,"orderBottomNav":12,"path":{"ar":"tournaments","en-us":"rga-and-gtc","fallback":"rga-and-gtc"},"showBottomNav":false,"inSportMenu":false,"menuSportsOrdering":12,"inCasinoMenu":false,"menuCasinoOrdering":22,"target":0},"46":{"id":46,"title":{"ar":"\u0644\u0644\u062a\u0648\u0627\u0635\u0644","en-us":"Contact Us","fallback":"Contact Us"},"iconUrl":"contact-us-16939001495695.png","showOnAtoZ":true,"showBottomNav":false,"order":19,"menuCasinoOrdering":12,"menuSportsOrdering":14,"orderBottomNav":14,"inCasinoMenu":false,"inSportMenu":false,"path":{"ar":"contact-us","en-us":"contact-us","fallback":"contact-us"},"target":0},"82":{"id":82,"title":{"ar":"2\u0627\u0644\u0623\u0644\u0639\u0627\u0628 \u0627\u0644\u0633\u0631\u064a\u0639\u0629","en-us":" Games2","fallback":" Games2"},"iconUrl":"","showOnAtoZ":false,"showBottomNav":false,"order":0,"menuCasinoOrdering":9,"menuSportsOrdering":17,"orderBottomNav":17,"inCasinoMenu":false,"inSportMenu":false,"path":{"ar":"2\u0627\u0644\u0623\u0644\u0639\u0627\u0628-\u0627\u0644\u0633\u0631\u064a\u0639\u0629","en-us":"games2","fallback":"games2"},"target":0},"83":{"id":83,"title":{"ar":"\u0627\u0644\u0639\u0631\u0648\u0636 ","en-us":"Promotions","fallback":"Promotions"},"iconUrl":"1583x20-4-16937896036371.png","showOnAtoZ":true,"showBottomNav":true,"order":15,"menuCasinoOrdering":17,"menuSportsOrdering":7,"orderBottomNav":18,"inCasinoMenu":true,"inSportMenu":true,"path":{"ar":"promotions","en-us":"promotions","fallback":"promotions"},"target":0},"76":{"id":76,"title":{"ar":"\u0627\u0644\u0623\u0633\u0626\u0644\u0629 \u0627\u0644\u0623\u0643\u062b\u0631 \u0634\u064a\u0648\u0639\u0627\u064b","en-us":"FAQ","fallback":"FAQ"},"iconUrl":"frequently-questions-1693900156839.png","showOnAtoZ":true,"onlyBottomNav":false,"order":18,"orderBottomNav":15,"path":{"ar":"faq","en-us":"faq","fallback":"faq"},"category":"casino","type":"live-casino","inSportMenu":false,"menuSportsOrdering":15,"inCasinoMenu":false,"menuCasinoOrdering":13,"showBottomNav":false,"target":0},"42":{"id":42,"title":{"ar":"\u0645\u0646 \u0646\u062d\u0646","en-us":"About Us","fallback":"About Us"},"iconUrl":"table-games-16938288068995.png","showOnAtoZ":false,"onlyBottomNav":false,"order":0,"orderBottomNav":13,"path":{"ar":"about-us","en-us":"about-us","fallback":"about-us"},"category":"casino","type":"live-casino","inSportMenu":false,"menuSportsOrdering":13,"inCasinoMenu":false,"menuCasinoOrdering":11,"showBottomNav":false,"target":0},"85":{"id":85,"title":{"ar":"\u0623\u0647\u0645 \u0645\u0628\u0627\u0631\u064a\u0627\u062a \u0627\u0644\u064a\u0648\u0645","en-us":"MATCHES OF THE DAY","fallback":"MATCHES OF THE DAY"},"iconUrl":"popular-games-16921434119627.svg","showOnAtoZ":true,"onlyBottomNav":false,"order":12,"orderBottomNav":20,"path":{"ar":"https:\/\/www.ichancy.com\/ar\/prematch\/match\/todayEvents","en-us":"https:\/\/www.ichancy.com\/prematch\/match\/todayEvents","fallback":"https:\/\/www.ichancy.com\/prematch\/match\/todayEvents"},"category":"casino","type":"live-casino","inSportMenu":false,"menuSportsOrdering":19,"inCasinoMenu":false,"menuCasinoOrdering":19,"showBottomNav":false,"target":0},"86":{"id":86,"title":{"ar":"\u0627\u0644\u0645\u062c\u062a\u0645\u0639","en-us":"Community","fallback":"Community"},"iconUrl":"comm2-16938331363121.png","showOnAtoZ":true,"onlyBottomNav":false,"order":16,"orderBottomNav":28,"path":{"ar":"https:\/\/www.ichancycommunity.com","en-us":"https:\/\/www.ichancycommunity.com\/","fallback":"https:\/\/www.ichancycommunity.com\/"},"category":"casino","type":"live-casino","inSportMenu":false,"menuSportsOrdering":20,"inCasinoMenu":false,"menuCasinoOrdering":20,"showBottomNav":false,"target":0},"93":{"id":93,"title":{"ar":"\u0627\u0644\u0628\u0648\u0643\u0631","en-us":"Poker","fallback":"Poker"},"iconUrl":"icons8-poker-100-16959195617764.png","showOnAtoZ":true,"showBottomNav":false,"order":9,"menuCasinoOrdering":16,"menuSportsOrdering":24,"orderBottomNav":23,"inCasinoMenu":true,"inSportMenu":false,"path":{"ar":"poker","en-us":"pokerplay","fallback":"pokerplay"},"target":0},"95":{"id":95,"title":{"ar":"\u0627\u0644\u0623\u0644\u0639\u0627\u0628 \u0627\u0644\u0633\u0631\u064a\u0639\u0629","en-us":"Games","fallback":"Games"},"iconUrl":"betting-games-16965026470333.svg","showOnAtoZ":true,"showBottomNav":false,"order":7,"menuCasinoOrdering":15,"menuSportsOrdering":26,"orderBottomNav":22,"inCasinoMenu":true,"inSportMenu":false,"path":{"ar":"for-test","en-us":"games","fallback":"games"},"target":0},"97":{"id":97,"title":{"ar":"\u0627\u062e\u0637\u0628\u0648\u0637 \u0627\u0644\u062a\u0648\u0642\u0639\u0627\u062a","en-us":"Predictor","fallback":"Predictor"},"iconUrl":"icons8-octopus-80-16976421921999.png","showOnAtoZ":true,"showBottomNav":false,"order":10,"menuCasinoOrdering":27,"menuSportsOrdering":6,"orderBottomNav":29,"inCasinoMenu":false,"inSportMenu":true,"path":{"ar":"\u0627\u062e\u0637\u0628\u0648\u0637-\u0627\u0644\u062a\u0648\u0642\u0639\u0627\u062a","en-us":"predictor","fallback":"predictor"},"target":0},"101":{"id":101,"title":{"ar":"\u0639\u062c\u0644\u0629 \u0627\u0644\u0641\u0631\u0635\u0629","en-us":"Chancy Wheel","fallback":"Chancy Wheel"},"iconUrl":"1583x20-lucky-weel-16994828538191.svg","target":0,"showOnAtoZ":true,"showBottomNav":false,"order":11,"menuCasinoOrdering":30,"menuSportsOrdering":30,"orderBottomNav":32,"inCasinoMenu":true,"inSportMenu":false,"path":{"ar":"\u0639\u062c\u0644\u0629-\u0627\u0644\u0641\u0631\u0635\u0629","en-us":"chancy-wheel","fallback":"chancy-wheel"}},"98":{"id":98,"title":{"en-us":"Poker","fallback":"Poker"},"iconUrl":"","showOnAtoZ":false,"onlyBottomNav":false,"order":0,"orderBottomNav":9,"path":{"en-us":"poker","fallback":"poker"},"category":"casino","type":"live-casino"}}