[{"label":"First Name","type":"text","formType":"first_name","formLabel":"firstName","hasSettings":true,"hidden":true,"editForm":{"showOnRegFields":"1","showOnEditProfile":"1","label":"First Name","required":"1","customValidation":"0","customValidationCode":"","disabled":"1","onlyLetters":"1"},"params":{"validations":{"required":true,"min:3":true}}},{"label":"Last Name","type":"text","formType":"last_name","formLabel":"lastName","hasSettings":true,"hidden":true,"editForm":{"showOnRegFields":"1","showOnEditProfile":"1","label":"Last Name","required":"1","customValidation":"0","customValidationCode":"","disabled":"1","onlyLetters":"1"},"params":{"validations":{"required":true,"min:2":true}}},{"label":"Username","type":"text","formType":"username","hasSettings":true,"hidden":true,"editForm":{"showOnRegFields":"1","showOnEditProfile":"0","label":"Username","required":"1","customValidation":"0","customValidationCode":"","showNickName":"0","usernameInMyProfile":"0","reset":"0","disabled":"1"},"params":{"validations":{"required":true}}},{"label":"Password","type":"password","formType":"password","hasSettings":true,"hidden":false,"editForm":{"showOnRegFields":"1","label":"Password","passwordValidationOn":"1","required":"1","customValidation":"0","customValidationCode":""},"params":{"validations":{"required":true}}},{"label":"Confirm Password","type":"password","confirm":true,"formType":"passwordConfirmation","name":"password_confirmation","hasSettings":true,"hidden":false,"editForm":{"showOnRegFields":"1","label":"Confirm Password","required":"1","disableCopyPasteOfField":"0"},"params":{"validations":{"required":true}}},{"label":"Next","type":"nextButton","formType":"nextButton","hidden":false,"editForm":{"label":"Next","showOnRegFields":"1","appendCustomCodeNext":"","customCodeNext":""},"params":{"validations":[]}},{"label":"Birth Date","type":"date","formType":"birthDate","name":"birth_date","hasSettings":true,"hidden":true,"editForm":{"showOnRegFields":"1","showOnEditProfile":"1","label":"Birth Date","ageLimit":"18","required":"1","dateType":"1","showOnTheLoginPopup":"0","disabled":"1","birthDateType":"0"},"params":{"validations":{"required":true}}},{"label":"Middle Name","type":"text","formType":"middle_name","formLabel":"middleName","hasSettings":true,"hidden":true,"editForm":{"showOnRegFields":"0","showOnEditProfile":"0","label":"Middle Name","required":"0","disabled":"0","customValidation":"0","customValidationCode":"","onlyLetters":"1"},"params":{"validations":{"required":true}}},{"label":"Gender","type":"radio","formType":"gender","hasSettings":true,"hidden":true,"editForm":{"showOnRegFields":"1","showOnEditProfile":"1","label":"Gender","required":"1","disabled":"1"},"params":{"btnInfo":{"male":"M","female":"F"},"validations":{"required":true}}},{"label":"Country","type":"select","formType":"country","fromData":"countries","name":"country_code","hasSettings":true,"hidden":true,"hasCountry":true,"editForm":{"showOnRegFields":"1","showOnEditProfile":"1","label":"Country","required":"1","showCustomCities":"0","disabled":"1","customCities":[],"included":"","excluded":"","prioritized":""},"params":{"validations":{"required":true}}},{"label":"City","type":"city","formType":"city","hasSettings":true,"hidden":true,"editForm":{"showOnRegFields":"1","showOnEditProfile":"1","label":"City","required":"1","customValidation":"0","customValidationCode":"","onlyLetters":"1","disabled":"0","showCustomCities":"0","customCities":""},"params":{"validations":{"required":true}}},{"label":"Address","type":"text","formType":"address","hasSettings":true,"hidden":true,"editForm":{"showOnRegFields":"1","showOnEditProfile":"1","label":"Address","required":"1","aditionalAddressRequired":"1","disabled":"1","showAditionalAddress":"0","customValidation":"0","customValidationCode":"","aditionalAddressCustomValidation":"0","aditionalAddressCustomValidationCode":"","aditionalAddressDisabled":"0"},"params":{"validations":{"required":true},"vars":{"address":{"value":""},"aditional_address":{"value":""}}}},{"label":"Currency","type":"select","formType":"currency","fromData":"currencyList","inParams":true,"name":"currency_name","hasSettings":true,"hidden":false,"editForm":{"showOnRegFields":"1","customPlaceholder":"0","showCurrencyName":"1","currencySelectType":"1","label":"currency","required":"1"},"params":{"placeholder":"","validations":{"required":true}}},{"label":"Mobile Number","type":"mobile-number","formType":"mobileNumber","name":"phone","hasSettings":true,"hidden":true,"editForm":{"showOnRegFields":"1","showOnEditProfile":"1","label":"Mobile Number","required":"1","customValidation":"0","customValidationCode":"","isPhoneVerified":"0","disabled":"0"},"params":{"validations":{"required":true}}},{"label":"Zip-code","type":"text","formType":"zip","name":"zip_code","hasSettings":true,"hidden":true,"editForm":{"showOnRegFields":"0","label":"Zip-code","required":"1","disabled":"0","customValidation":"0","customValidationCode":"","autocompleteAddressViaZip":"0"},"params":{"validations":{"required":true}}},{"label":"Personal Id","type":"text","formType":"personalId","name":"personal_id","hasSettings":true,"hidden":true,"editForm":{"showOnRegFields":"0","label":"Personal Id","required":"1","disabled":"1","checkCPF":"1","checkByCountryCPF":"0","customValidation":"0","customValidationCode":"","sendCPFAsDocNumber":"0"},"params":{"validations":{"required":true}}},{"label":"T&C ID Validation","type":"text","formType":"tcIdValidation","name":"doc_number","hasSettings":true,"hidden":true,"editForm":{"showOnRegFields":"0","label":"T&C ID Validation","required":"1","customValidation":"0","customValidationCode":""},"params":{"placeholder":"tcIdValidation","validations":{"required":true}}},{"label":"Email","type":"email","formType":"email","hasSettings":true,"hidden":false,"editForm":{"showOnRegFields":"1","showOnEditProfile":"1","label":"Email","required":"1","emailConfirmRequired":"1","showConfirmEmail":"0","disableCopyPasteOfField":"0","disabled":"1","onlyLatinCharacters":"0"},"params":{"validations":{"required":true,"email":true}}},{"label":"Passport Number","type":"text","formType":"passportNum","name":"doc_number","hasSettings":true,"hidden":true,"editForm":{"showOnRegFields":"0","showOnEditProfile":"1","label":"Passport Number","required":"1","GBGVerification":"0","customValidation":"0","customValidationCode":"","disabled":"1"},"params":{"validations":{"required":true}}},{"label":"Document issued by","type":"text","formType":"documentIssuedBy","name":"doc_issued_by","hasSettings":true,"hidden":true,"editForm":{"showOnRegFields":"0","showOnEditProfile":"0","label":"Document issued by","required":"0","disabled":"0","customValidation":"0","customValidationCode":""},"params":{"validations":{"required":false}}},{"label":"Document issue date","type":"date","formType":"documentIssueDate","name":"doc_issue_date","hasSettings":true,"hidden":true,"startOfDay":true,"editForm":{"showOnRegFields":"0","showOnEditProfile":"0","label":"Document issue date","required":"0","disabled":"0"},"params":{"placeholder":"documentIssueDate","validations":{"required":false}}},{"label":"Document issue code","type":"documentIssueCode","formType":"documentIssueCode","fromData":"countries","name":"doc_issue_code","hasSettings":true,"hasCountry":true,"hidden":true,"editForm":{"showOnRegFields":"0","showOnEditProfile":"0","label":"Document issue code","required":"0","disabled":"0","customValidation":"0","customValidationCode":"","suggestedDocumentInfo":"0","alpha3code":"1"},"params":{"validations":{"required":false}}},{"label":"Document Region ID","type":"document-region-id","formType":"documentRegionId","name":"doc_region_id","hasSettings":true,"hidden":true,"editForm":{"showOnRegFields":"0","showOnEditProfile":"0","label":"Document Region ID","required":"0","disabled":"0"},"params":{"placeholder":"documentRegionId","validations":{"required":false}}},{"label":"Document Expiration Date","type":"date","formType":"documentExpirationDate","name":"doc_expiration_date","hasSettings":true,"hidden":true,"endOfDay":true,"editForm":{"showOnRegFields":"0","showOnEditProfile":"0","label":"Document Expiration Date","required":"0","disabled":"0"},"params":{"validations":{"required":true}}},{"label":"Document Type","type":"select","formType":"documentType","fromData":"docType","name":"doc_type","hasSettings":true,"hidden":true,"editForm":{"showOnRegFields":"0","showOnEditProfile":"0","label":"Document Type","placeholder":"Document Type","required":"0","disabled":"0","inList":["1","2","3","4","5","6","10"]},"params":{"validations":{"required":false}}},{"label":"Next","type":"nextButton","formType":"nextButton","hidden":false,"editForm":{"label":"Next","showOnRegFields":"1","appendCustomCodeNext":"","customCodeNext":""},"params":{"validations":[]}},{"label":"Birth Country","type":"select","formType":"birthCountry","fromData":"countries","name":"birth_region","hasSettings":true,"hidden":true,"hasCountry":true,"editForm":{"showOnRegFields":"0","showOnEditProfile":"0","label":"Birth Country","required":"0","disabled":"0","includeBirthCountries":[],"excludeBirthCountries":[]},"params":{"validations":{"required":true}}},{"label":"Birth City","type":"text","formType":"birthCity","name":"birth_city","hasSettings":true,"hidden":true,"editForm":{"showOnRegFields":"0","showOnEditProfile":"0","label":"Birth City","required":"0","disabled":"0","customValidation":"0","customValidationCode":""},"params":{"validations":{"required":true}}},{"label":"Birth Department","type":"select","from":"birth_region","formType":"birthDepartment","fromData":"departments","name":"birth_department","hasSettings":true,"hidden":true,"editForm":{"showOnRegFields":"0","showOnEditProfile":"0","label":"Birth Department","required":"0","disabled":"0"},"params":{"validations":{"required":true}}},{"label":"Bank Name","type":"bankName","formType":"bankName","name":"swift_code","hasSettings":true,"hidden":true,"editForm":{"showOnRegFields":"0","showOnEditProfile":"0","label":"Bank Name","required":"1","customValidation":"0","customValidationCode":"","bankNamesList":"get_banks_by_region_id"},"params":{"validations":{"required":true}}},{"label":"Province","type":"province","formType":"province","hasSettings":true,"hidden":true,"editForm":{"showOnRegFields":"0","showOnEditProfile":"0","label":"Province","required":"0","customValidation":"0","customValidationCode":"","showAsDropdown":"0"},"params":{"validations":{"required":true}}},{"label":"Account Number","type":"accountNumber","formType":"accountNumber","name":"iban","hasSettings":true,"hidden":true,"editForm":{"showOnRegFields":"0","showOnEditProfile":"0","uploadDoc":"0","label":"Account Number","required":"1","customValidation":"0","showAccountNumberPrefix":"0","accountNumberPrefix":"","customValidationCode":""},"params":{"validations":{"required":true}}},{"label":"Deposit Limits","type":"limits","formType":"depositLimits","hasSettings":true,"hidden":true,"editForm":{"showOnRegFields":"0","label":"Deposit Limits","showMaxDailyDeposit":"0","maxDailyDeposit":"200","maxDailyRequired":"1","showMaxWeeklyDeposit":"0","maxWeeklyDeposit":"1000","maxWeeklyRequired":"1","showMaxMonthlyDeposit":"0","disabled":"0","maxMonthlyDeposit":"5000","maxMonthlyRequired":"1","showTooltip":"1","validateDepositByDefaultMxaValues":"0","customValidation":"0","customValidationCode":"","showDepositTooltip":"1"},"params":{"vars":{"max_day_deposit":{"value":"maxDailyDeposit","name":"max_day_deposit","show":"showMaxDailyDeposit","required":"maxDailyRequired","label":"daily","min":["max_week_deposit","max_month_deposit"]},"max_week_deposit":{"value":"maxWeeklyDeposit","name":"max_week_deposit","show":"showMaxWeeklyDeposit","required":"maxWeeklyRequired","label":"weekly","min":["max_month_deposit"]},"max_month_deposit":{"value":"maxMonthlyDeposit","name":"max_month_deposit","show":"showMaxMonthlyDeposit","required":"maxMonthlyRequired","label":"monthly"}},"validations":{"required":false}}},{"label":"Auto Withdraw","type":"text","formType":"autoWithdraw","balance_limit":"balance_limit","hasSettings":true,"isNumber":true,"hidden":true,"editForm":{"showOnRegFields":"0","label":"Auto Withdraw","showAutoWithdraw":"0","balance_limit":"0","required":"1","showTooltip":"1","showAutoWithdrawTooltip":"1"},"params":{"validations":{"required":false}}},{"label":"Notifications","type":"notifications","formType":"gdpr","formLabel":"gdprAll","name":"showAllGdpr","hasSettings":true,"hidden":true,"editForm":{"showOnRegFields":"0","required":"1","label":"notifications","subscribe_to_internal_message":"0","subscribe_to_push_notification":"0","subscribe_to_phone_call":"0","subscribe_to_sms":"0","subscribe_to_email":"0","showAllGdpr":"0"},"params":{"btnInfo":{"yes":true,"no":false},"validations":{"required":false}}},{"label":"Security Question","type":"securityQuestion","formType":"securityQuestion","name":"question","hasSettings":true,"hidden":true,"editForm":{"showOnRegFields":"0","label":"Security Question","required":"1","customQuestion":"0"},"params":{"validations":{"required":true}}},{"label":"Promo Code","type":"text","formType":"promoCode","name":"promo_code","hasSettings":true,"hidden":false,"editForm":{"showOnRegFields":"1","label":"Promo Code","required":"0","customPromoCode":"0","customBtagCode":""},"params":{"validations":{"required":false}}},{"label":"Bonus Code","type":"text","formType":"bonusCode","name":"loyalty_code","hasSettings":true,"hidden":true,"editForm":{"showOnRegFields":"0","label":"Bonus Code","sendAsPromocod":"0","required":"0"},"params":{"validations":{"required":false}}},{"label":"Agent Id","type":"text","name":"affiliate_id","formType":"agentId","hasSettings":true,"hidden":true,"editForm":{"showOnRegFields":"0","showOnEditProfile":"0","label":"Agent Id","required":"0","setFieldType":"0"},"params":{"placeholder":"agentId","validations":{"required":false}}},{"label":"Income Source","type":"select","formType":"incomeSource","fromData":"incomeSource","name":"income_source","hasSettings":true,"hidden":true,"editForm":{"showOnRegFields":"0","label":"Income Source","required":"0","inList":["1","2","3","4","5","6","10"]},"params":{"validations":{"required":false}}},{"label":"Occupation","type":"select","formType":"occupation","fromData":"occupations","name":"occupation","hasSettings":true,"hidden":true,"editForm":{"showOnRegFields":"0","showOnEditProfile":"0","label":"Occupation","required":"0"},"params":{"validations":{"required":false}}},{"label":"Salary Level","type":"select","formType":"salaryLevel","fromData":"salaryLevels","name":"salary_level","hasSettings":true,"hidden":true,"editForm":{"showOnRegFields":"0","showOnEditProfile":"0","label":"Salary Level","required":"0"},"params":{"validations":{"required":false}}},{"label":"Pep status","type":"radio","formType":"pepStatus","name":"client_pep_status","hasSettings":true,"hidden":true,"editForm":{"showOnRegFields":"0","showOnEditProfile":"0","label":"Pep status","required":"1","disabled":"1"},"params":{"btnInfo":{"pepStatusYes":"8","pepStatusNo":false},"validations":{"required":true}}},{"label":"Terms and Conditions","type":"checkbox","formType":"T&C_Checkbox","name":"tccheckbox","hasSettings":true,"hidden":false,"editForm":{"showOnRegFields":"1","label":"Terms and Conditions","required":"1","checkedByDefault":"0","checkboxType":"0"},"params":{"validations":{"required":true}}},{"label":"Bet Limits","type":"limits","formType":"betLimits","hasSettings":true,"hidden":true,"editForm":{"showOnRegFields":"0","label":"Bet Limits","showMaxDailyBet":"0","maxDailyBet":"200","maxDailyRequired":"1","showMaxWeeklyBet":"0","maxWeeklyBet":"1000","maxWeeklyRequired":"1","showMaxMonthlyBet":"0","maxMonthlyRequired":"1","showMaxSingleBet":"0","maxSingleBet":"100","maxSingleRequired":"1","showTooltip":"1","customValidation":"0","customValidationCode":""},"params":{"vars":{"max_single_bet_amount":{"value":"maxSingleBet","name":"max_single_bet_amount","show":"showMaxSingleBet","required":"maxSingleRequired","label":"single","min":["max_daily_bet_amount","max_weekly_bet_amount","max_monthly_bet_amount"]},"max_daily_bet_amount":{"value":"maxDailyBet","name":"max_daily_bet_amount","show":"showMaxDailyBet","required":"maxDailyRequired","label":"daily","min":["max_weekly_bet_amount","max_monthly_bet_amount"]},"max_weekly_bet_amount":{"value":"maxWeeklyBet","name":"max_weekly_bet_amount","show":"showMaxWeeklyBet","required":"maxWeeklyRequired","label":"weekly","min":["max_monthly_bet_amount"]},"max_monthly_bet_amount":{"value":"maxMonthlyBet","name":"max_monthly_bet_amount","show":"showMaxMonthlyBet","required":"maxMonthlyRequired","label":"monthly"}},"validations":{"required":false}}},{"label":"Session Limit","type":"limits","formType":"sessionLimits","hasSettings":true,"hidden":true,"editForm":{"showOnRegFields":"0","label":"Session Limit","showOnEditProfile":"0","showDailySessionLimit":"1","showWeeklySessionLimit":"0","showMonthlySessionLimit":"1","dailySession":"","weeklySession":"","monthlySession":"","required":"0","toSecond":true,"customValidation":"0","customValidationCode":""},"params":{"vars":{"max_session_duration_daily":{"value":"dailySession","name":"max_session_duration_daily","show":"showDailySessionLimit","required":"required","label":"daily","maxLenght":16,"min":["max_session_duration_weekly","max_session_duration_monthly"]},"max_session_duration_weekly":{"value":"weeklySession","name":"max_session_duration_weekly","show":"showWeeklySessionLimit","required":"required","label":"weekly","maxLenght":168,"min":["max_session_duration_monthly"]},"max_session_duration_monthly":{"value":"monthlySession","name":"max_session_duration_monthly","show":"showMonthlySessionLimit","required":"required","label":"monthly","maxLenght":500}}}},{"label":"bsn","type":"text","formType":"bsn","name":"bsn","hasSettings":true,"hidden":true,"editForm":{"showOnRegFields":"0","showOnEditProfile":"0","label":"bsn","required":"1","disabled":"1"},"params":{"validations":{"required":true}}},{"label":"Fast Registration","type":"fastRegistration","formType":"fastRegistration","name":"fast_registration","hasSettings":true,"hidden":true,"editForm":{"showOnRegFields":"0","showOnEditProfile":"0","label":"Fast Registration","required":"0"},"params":{"validations":{"required":false}}},{"label":"Cashdesk","type":"select","formType":"cashdeskId","fromData":"cashdeskIdData","name":"cashdesk_id","hasSettings":true,"hidden":true,"editForm":{"showOnRegFields":"0","showOnEditProfile":"0","label":"Cashdesk","required":"0"},"params":{"validations":{"required":false}}},{"label":"Initial Step","type":"firstButton","formType":"firstButton","hidden":true,"editForm":{"firstFormTitle":"0","appendCustomCodeNext":"0","customCodeNext":"","showOnEditProfile":"1","showOnRegFields":"1","label":"firstButton"},"params":{"validations":[]}},{"label":"Mental Illness","type":"radio","formType":"mentalIllness","hasSettings":true,"hidden":true,"editForm":{"showOnRegFields":"0","label":"Mental Illness","required":"1"},"params":{"btnInfo":{"yes":true,"no":false},"validations":{"required":true}}},{"label":"Nationality","type":"select","formType":"citizenship","fromData":"countries","hasSettings":true,"hidden":true,"name":"citizenship","hasCountry":true,"editForm":{"showOnRegFields":"0","showOnEditProfile":"0","label":"Nationality","disabled":"0","required":"0"},"params":{"validations":{"required":false}}},{"label":"Loss Limit","type":"limits","formType":"lossLimits","hasSettings":true,"hidden":true,"editForm":{"showOnRegFields":"0","label":"Loss Limit","showOnEditProfile":"0","showDailyLoss":"0","showWeeklyLoss":"0","showMonthlyLoss":"0","dailyLoss":"","weeklyLoss":"","monthlyLoss":"","showCasinoDailyLoss":"0","showCasinoWeeklyLoss":"0","showCasinoMonthlyLoss":"0","casinoDailyLoss":"","casinoWeeklyLoss":"","casinoMonthlyLoss":"","required":"0","customValidation":"0","customValidationCode":""},"params":{"vars":{"max_daily_loss":{"value":"dailyLoss","name":"max_daily_loss","show":"showDailyLoss","required":"dailyLossRequired","label":"daily","min":["max_weekly_loss","max_mouthly_loss"]},"max_weekly_loss":{"value":"weeklyLoss","name":"max_weekly_loss","show":"showWeeklyLoss","required":"weeklyLossRequired","label":"weekly","min":["max_mouthly_loss"]},"max_mouthly_loss":{"value":"monthlyLoss","name":"max_mouthly_loss","show":"showMonthlyLoss","required":"monthlyLossRequired","label":"monthly"},"casino_max_daily_loss":{"value":"casinoDailyLoss","name":"casino_max_daily_loss","show":"showCasinoDailyLoss","required":"casinoDailyLossRequired","label":"daily","min":["casino_max_weekly_loss","casino_max_monthly_loss"]},"casino_max_weekly_loss":{"value":"casinoWeeklyLoss","name":"casino_max_weekly_loss","show":"showCasinoWeeklyLoss","required":"casinoWeeklyLossRequired","label":"weekly","min":["casino_max_monthly_loss"]},"casino_max_monthly_loss":{"value":"casinoMonthlyLoss","name":"casino_max_monthly_loss","show":"showCasinoMonthlyLoss","required":"casinoMonthlyLossRequired","label":"monthly"}}}},{"label":"Birth Name","type":"text","formType":"birthName","name":"birth_name","formLabel":"birthName","hasSettings":true,"hidden":true,"editForm":{"showOnRegFields":"0","showOnEditProfile":"0","label":"Birth Name","required":"0","disabled":"0","customValidation":"0","customValidationCode":""},"params":{"validations":{"required":true}}},{"label":"Account Holder","type":"text","formType":"accountHolder","name":"account_holder","formLabel":"accountHolder","hasSettings":true,"hidden":true,"editForm":{"showOnRegFields":"0","showOnEditProfile":"0","label":"Account Holder","required":"0","disabled":"0","customValidation":"0","customValidationCode":""},"params":{"validations":{"required":true}}}]